--------------------------------------------------------
--  File created - Monday-October-26-2020   
--------------------------------------------------------
DROP TABLE "RAADMIN"."D_AUTO";
DROP TABLE "RAADMIN"."D_OFFERS";
DROP TABLE "RAADMIN"."D_USER";
--------------------------------------------------------
--  DDL for Sequence USER_ID
--------------------------------------------------------

   CREATE SEQUENCE  "RAADMIN"."USER_ID"  MINVALUE 1 MAXVALUE 100 INCREMENT BY 1 START WITH 37 CACHE 2 ORDER  NOCYCLE ;
--------------------------------------------------------
--  DDL for Table D_AUTO
--------------------------------------------------------

  CREATE TABLE "RAADMIN"."D_AUTO" 
   (	"AUTO_ID" NUMBER(5,0), 
	"MAKE" VARCHAR2(20 BYTE), 
	"YEAR_MADE" NUMBER(6,0), 
	"PRICE" NUMBER(10,2), 
	"OWNEDBY" NUMBER(4,0), 
	"VIN_NUMBER" VARCHAR2(50 BYTE), 
	"C_MODEL" VARCHAR2(50 BYTE), 
	"MILAGE" NUMBER(10,0), 
	"IMAGES" BLOB
   ) SEGMENT CREATION IMMEDIATE 
  PCTFREE 10 PCTUSED 40 INITRANS 1 MAXTRANS 255 
 NOCOMPRESS LOGGING
  STORAGE(INITIAL 65536 NEXT 1048576 MINEXTENTS 1 MAXEXTENTS 2147483645
  PCTINCREASE 0 FREELISTS 1 FREELIST GROUPS 1
  BUFFER_POOL DEFAULT FLASH_CACHE DEFAULT CELL_FLASH_CACHE DEFAULT)
  TABLESPACE "USERS" 
 LOB ("IMAGES") STORE AS BASICFILE (
  TABLESPACE "USERS" ENABLE STORAGE IN ROW CHUNK 8192 RETENTION 
  NOCACHE LOGGING 
  STORAGE(INITIAL 65536 NEXT 1048576 MINEXTENTS 1 MAXEXTENTS 2147483645
  PCTINCREASE 0 FREELISTS 1 FREELIST GROUPS 1
  BUFFER_POOL DEFAULT FLASH_CACHE DEFAULT CELL_FLASH_CACHE DEFAULT)) ;
--------------------------------------------------------
--  DDL for Table D_OFFERS
--------------------------------------------------------

  CREATE TABLE "RAADMIN"."D_OFFERS" 
   (	"OFFER_ID" NUMBER(5,0), 
	"MAKE" VARCHAR2(20 BYTE), 
	"PRICE" NUMBER(8,2), 
	"STATUS" VARCHAR2(10 BYTE) DEFAULT 'Pending..', 
	"O_AUTO" NUMBER(4,0), 
	"CUSTOMER_ID" NUMBER(4,0)
   ) SEGMENT CREATION IMMEDIATE 
  PCTFREE 10 PCTUSED 40 INITRANS 1 MAXTRANS 255 
 NOCOMPRESS LOGGING
  STORAGE(INITIAL 65536 NEXT 1048576 MINEXTENTS 1 MAXEXTENTS 2147483645
  PCTINCREASE 0 FREELISTS 1 FREELIST GROUPS 1
  BUFFER_POOL DEFAULT FLASH_CACHE DEFAULT CELL_FLASH_CACHE DEFAULT)
  TABLESPACE "USERS" ;
--------------------------------------------------------
--  DDL for Table D_USER
--------------------------------------------------------

  CREATE TABLE "RAADMIN"."D_USER" 
   (	"ID" NUMBER(5,0), 
	"FIRST_NAME" VARCHAR2(20 BYTE), 
	"LAST_NAME" VARCHAR2(20 BYTE), 
	"USER_NAME" VARCHAR2(30 BYTE), 
	"PASSWORDS" VARCHAR2(30 BYTE), 
	"USERTYPE" VARCHAR2(20 BYTE)
   ) SEGMENT CREATION IMMEDIATE 
  PCTFREE 10 PCTUSED 40 INITRANS 1 MAXTRANS 255 
 NOCOMPRESS LOGGING
  STORAGE(INITIAL 65536 NEXT 1048576 MINEXTENTS 1 MAXEXTENTS 2147483645
  PCTINCREASE 0 FREELISTS 1 FREELIST GROUPS 1
  BUFFER_POOL DEFAULT FLASH_CACHE DEFAULT CELL_FLASH_CACHE DEFAULT)
  TABLESPACE "USERS" ;
REM INSERTING into RAADMIN.D_AUTO
SET DEFINE OFF;
Insert into RAADMIN.D_AUTO (AUTO_ID,MAKE,YEAR_MADE,PRICE,OWNEDBY,VIN_NUMBER,C_MODEL,MILAGE) values (37,'bmw',876,15000,null,'jmij9876','m5',52525);
Insert into RAADMIN.D_AUTO (AUTO_ID,MAKE,YEAR_MADE,PRICE,OWNEDBY,VIN_NUMBER,C_MODEL,MILAGE) values (1,'BMW',2010,10000,null,null,null,null);
Insert into RAADMIN.D_AUTO (AUTO_ID,MAKE,YEAR_MADE,PRICE,OWNEDBY,VIN_NUMBER,C_MODEL,MILAGE) values (2,'Lexus',2014,18000,24,null,null,null);
Insert into RAADMIN.D_AUTO (AUTO_ID,MAKE,YEAR_MADE,PRICE,OWNEDBY,VIN_NUMBER,C_MODEL,MILAGE) values (3,'Toyota',2006,6500,null,null,null,null);
Insert into RAADMIN.D_AUTO (AUTO_ID,MAKE,YEAR_MADE,PRICE,OWNEDBY,VIN_NUMBER,C_MODEL,MILAGE) values (9,'BMW M5',2012,15000,null,null,null,null);
Insert into RAADMIN.D_AUTO (AUTO_ID,MAKE,YEAR_MADE,PRICE,OWNEDBY,VIN_NUMBER,C_MODEL,MILAGE) values (5,'Tesla',2019,15000,null,null,null,null);
Insert into RAADMIN.D_AUTO (AUTO_ID,MAKE,YEAR_MADE,PRICE,OWNEDBY,VIN_NUMBER,C_MODEL,MILAGE) values (11,'Range Rover',2015,23444,null,'theVin123','Discovery',43452);
Insert into RAADMIN.D_AUTO (AUTO_ID,MAKE,YEAR_MADE,PRICE,OWNEDBY,VIN_NUMBER,C_MODEL,MILAGE) values (12,'Honda',2017,20500,null,'TheVin456','Civic',56323);
Insert into RAADMIN.D_AUTO (AUTO_ID,MAKE,YEAR_MADE,PRICE,OWNEDBY,VIN_NUMBER,C_MODEL,MILAGE) values (36,'Range ',2020,18000,null,'hghg65656','Dis',10020);
REM INSERTING into RAADMIN.D_OFFERS
SET DEFINE OFF;
Insert into RAADMIN.D_OFFERS (OFFER_ID,MAKE,PRICE,STATUS,O_AUTO,CUSTOMER_ID) values (17,'Lexus',10000,'accepted',2,17);
Insert into RAADMIN.D_OFFERS (OFFER_ID,MAKE,PRICE,STATUS,O_AUTO,CUSTOMER_ID) values (8,'BMW',2600,'rejected',1,10);
Insert into RAADMIN.D_OFFERS (OFFER_ID,MAKE,PRICE,STATUS,O_AUTO,CUSTOMER_ID) values (9,'Lexus',2500,'rejected',2,10);
Insert into RAADMIN.D_OFFERS (OFFER_ID,MAKE,PRICE,STATUS,O_AUTO,CUSTOMER_ID) values (10,'Tesla',10000,'pending',5,11);
Insert into RAADMIN.D_OFFERS (OFFER_ID,MAKE,PRICE,STATUS,O_AUTO,CUSTOMER_ID) values (11,'Bugatti',1500,'rejected',null,10);
Insert into RAADMIN.D_OFFERS (OFFER_ID,MAKE,PRICE,STATUS,O_AUTO,CUSTOMER_ID) values (12,'Bugatti',1500,'accepted',null,12);
Insert into RAADMIN.D_OFFERS (OFFER_ID,MAKE,PRICE,STATUS,O_AUTO,CUSTOMER_ID) values (13,'M5 F90',10000,'accepted',null,9);
Insert into RAADMIN.D_OFFERS (OFFER_ID,MAKE,PRICE,STATUS,O_AUTO,CUSTOMER_ID) values (14,'M5 F90',9000,'rejected',null,10);
Insert into RAADMIN.D_OFFERS (OFFER_ID,MAKE,PRICE,STATUS,O_AUTO,CUSTOMER_ID) values (15,'BMW',8000,'Pending..',1,15);
REM INSERTING into RAADMIN.D_USER
SET DEFINE OFF;
Insert into RAADMIN.D_USER (ID,FIRST_NAME,LAST_NAME,USER_NAME,PASSWORDS,USERTYPE) values (36,'ahmed','noori','ahn','pass','customer');
Insert into RAADMIN.D_USER (ID,FIRST_NAME,LAST_NAME,USER_NAME,PASSWORDS,USERTYPE) values (6,'Rami','Alazzawi','ralazzawi','pass','manager');
Insert into RAADMIN.D_USER (ID,FIRST_NAME,LAST_NAME,USER_NAME,PASSWORDS,USERTYPE) values (7,'James','Bond','jamesbond','pass2','employee');
Insert into RAADMIN.D_USER (ID,FIRST_NAME,LAST_NAME,USER_NAME,PASSWORDS,USERTYPE) values (8,'Cristaino','Ronaldo','cr7','pass3','customer');
Insert into RAADMIN.D_USER (ID,FIRST_NAME,LAST_NAME,USER_NAME,PASSWORDS,USERTYPE) values (9,'Mo','Salah','salah','pass4','customer');
Insert into RAADMIN.D_USER (ID,FIRST_NAME,LAST_NAME,USER_NAME,PASSWORDS,USERTYPE) values (10,'Garrett','Bently','bently','pass5','customer');
Insert into RAADMIN.D_USER (ID,FIRST_NAME,LAST_NAME,USER_NAME,PASSWORDS,USERTYPE) values (11,'Jack','Jones','jack','1234','customer');
Insert into RAADMIN.D_USER (ID,FIRST_NAME,LAST_NAME,USER_NAME,PASSWORDS,USERTYPE) values (17,'tousif','qammar','tousif1','wer1','customer');
Insert into RAADMIN.D_USER (ID,FIRST_NAME,LAST_NAME,USER_NAME,PASSWORDS,USERTYPE) values (20,'nadia','benfaraj','nadia','pass',null);
Insert into RAADMIN.D_USER (ID,FIRST_NAME,LAST_NAME,USER_NAME,PASSWORDS,USERTYPE) values (22,'Andrea','Pirlo','andrea','pass',null);
Insert into RAADMIN.D_USER (ID,FIRST_NAME,LAST_NAME,USER_NAME,PASSWORDS,USERTYPE) values (23,'m5','monster','m5f90','pass',null);
Insert into RAADMIN.D_USER (ID,FIRST_NAME,LAST_NAME,USER_NAME,PASSWORDS,USERTYPE) values (26,'user','name','user','pass','customer');
Insert into RAADMIN.D_USER (ID,FIRST_NAME,LAST_NAME,USER_NAME,PASSWORDS,USERTYPE) values (29,'Dania','Dania','dania','pass','customer');
Insert into RAADMIN.D_USER (ID,FIRST_NAME,LAST_NAME,USER_NAME,PASSWORDS,USERTYPE) values (33,'Real ','Madrid','Realmadrid','pass','customer');
Insert into RAADMIN.D_USER (ID,FIRST_NAME,LAST_NAME,USER_NAME,PASSWORDS,USERTYPE) values (12,'tom','jerry','tomjerry','12345','customer');
Insert into RAADMIN.D_USER (ID,FIRST_NAME,LAST_NAME,USER_NAME,PASSWORDS,USERTYPE) values (13,'Jamesbond','bond','james','007','employee');
Insert into RAADMIN.D_USER (ID,FIRST_NAME,LAST_NAME,USER_NAME,PASSWORDS,USERTYPE) values (15,'Muhammed','Turkey','teez','zib','customer');
Insert into RAADMIN.D_USER (ID,FIRST_NAME,LAST_NAME,USER_NAME,PASSWORDS,USERTYPE) values (27,'sumayia','alshakely','sumayia','pass','customer');
Insert into RAADMIN.D_USER (ID,FIRST_NAME,LAST_NAME,USER_NAME,PASSWORDS,USERTYPE) values (28,'hello','world','hi','pass','customer');
Insert into RAADMIN.D_USER (ID,FIRST_NAME,LAST_NAME,USER_NAME,PASSWORDS,USERTYPE) values (21,'Roberto','Carlos','rb3','pass',null);
Insert into RAADMIN.D_USER (ID,FIRST_NAME,LAST_NAME,USER_NAME,PASSWORDS,USERTYPE) values (24,'Reem','Ram','ramram','pass','customer');
Insert into RAADMIN.D_USER (ID,FIRST_NAME,LAST_NAME,USER_NAME,PASSWORDS,USERTYPE) values (31,'ali','muhammed','ali','pass','customer');
Insert into RAADMIN.D_USER (ID,FIRST_NAME,LAST_NAME,USER_NAME,PASSWORDS,USERTYPE) values (35,'dandonty','7abibty','dano','rami','customer');
--------------------------------------------------------
--  DDL for Index SYS_C003967
--------------------------------------------------------

  CREATE UNIQUE INDEX "RAADMIN"."SYS_C003967" ON "RAADMIN"."D_AUTO" ("AUTO_ID") 
  PCTFREE 10 INITRANS 2 MAXTRANS 255 COMPUTE STATISTICS 
  STORAGE(INITIAL 65536 NEXT 1048576 MINEXTENTS 1 MAXEXTENTS 2147483645
  PCTINCREASE 0 FREELISTS 1 FREELIST GROUPS 1
  BUFFER_POOL DEFAULT FLASH_CACHE DEFAULT CELL_FLASH_CACHE DEFAULT)
  TABLESPACE "USERS" ;
--------------------------------------------------------
--  DDL for Index SYS_C003969
--------------------------------------------------------

  CREATE UNIQUE INDEX "RAADMIN"."SYS_C003969" ON "RAADMIN"."D_OFFERS" ("OFFER_ID") 
  PCTFREE 10 INITRANS 2 MAXTRANS 255 COMPUTE STATISTICS 
  STORAGE(INITIAL 65536 NEXT 1048576 MINEXTENTS 1 MAXEXTENTS 2147483645
  PCTINCREASE 0 FREELISTS 1 FREELIST GROUPS 1
  BUFFER_POOL DEFAULT FLASH_CACHE DEFAULT CELL_FLASH_CACHE DEFAULT)
  TABLESPACE "USERS" ;
--------------------------------------------------------
--  DDL for Index SYS_C003974
--------------------------------------------------------

  CREATE UNIQUE INDEX "RAADMIN"."SYS_C003974" ON "RAADMIN"."D_USER" ("ID") 
  PCTFREE 10 INITRANS 2 MAXTRANS 255 COMPUTE STATISTICS 
  STORAGE(INITIAL 65536 NEXT 1048576 MINEXTENTS 1 MAXEXTENTS 2147483645
  PCTINCREASE 0 FREELISTS 1 FREELIST GROUPS 1
  BUFFER_POOL DEFAULT FLASH_CACHE DEFAULT CELL_FLASH_CACHE DEFAULT)
  TABLESPACE "USERS" ;
--------------------------------------------------------
--  DDL for Index UNIQE_USER
--------------------------------------------------------

  CREATE UNIQUE INDEX "RAADMIN"."UNIQE_USER" ON "RAADMIN"."D_USER" ("USER_NAME") 
  PCTFREE 10 INITRANS 2 MAXTRANS 255 COMPUTE STATISTICS 
  STORAGE(INITIAL 65536 NEXT 1048576 MINEXTENTS 1 MAXEXTENTS 2147483645
  PCTINCREASE 0 FREELISTS 1 FREELIST GROUPS 1
  BUFFER_POOL DEFAULT FLASH_CACHE DEFAULT CELL_FLASH_CACHE DEFAULT)
  TABLESPACE "USERS" ;
--------------------------------------------------------
--  DDL for Trigger TR_USER_ID
--------------------------------------------------------

  CREATE OR REPLACE TRIGGER "RAADMIN"."TR_USER_ID" 
before insert on d_user for each row
begin
if:new.id is null THEN 
select user_id.nextval into :new.id from dual;
end if;
end;
/
ALTER TRIGGER "RAADMIN"."TR_USER_ID" DISABLE;
--------------------------------------------------------
--  DDL for Synonymn DUAL
--------------------------------------------------------

  CREATE OR REPLACE PUBLIC SYNONYM "DUAL" FOR "SYS"."DUAL";
--------------------------------------------------------
--  Constraints for Table D_AUTO
--------------------------------------------------------

  ALTER TABLE "RAADMIN"."D_AUTO" ADD PRIMARY KEY ("AUTO_ID")
  USING INDEX PCTFREE 10 INITRANS 2 MAXTRANS 255 COMPUTE STATISTICS 
  STORAGE(INITIAL 65536 NEXT 1048576 MINEXTENTS 1 MAXEXTENTS 2147483645
  PCTINCREASE 0 FREELISTS 1 FREELIST GROUPS 1
  BUFFER_POOL DEFAULT FLASH_CACHE DEFAULT CELL_FLASH_CACHE DEFAULT)
  TABLESPACE "USERS"  ENABLE;
  ALTER TABLE "RAADMIN"."D_AUTO" MODIFY ("MAKE" NOT NULL ENABLE);
--------------------------------------------------------
--  Constraints for Table D_OFFERS
--------------------------------------------------------

  ALTER TABLE "RAADMIN"."D_OFFERS" ADD PRIMARY KEY ("OFFER_ID")
  USING INDEX PCTFREE 10 INITRANS 2 MAXTRANS 255 COMPUTE STATISTICS 
  STORAGE(INITIAL 65536 NEXT 1048576 MINEXTENTS 1 MAXEXTENTS 2147483645
  PCTINCREASE 0 FREELISTS 1 FREELIST GROUPS 1
  BUFFER_POOL DEFAULT FLASH_CACHE DEFAULT CELL_FLASH_CACHE DEFAULT)
  TABLESPACE "USERS"  ENABLE;
  ALTER TABLE "RAADMIN"."D_OFFERS" MODIFY ("MAKE" NOT NULL ENABLE);
--------------------------------------------------------
--  Constraints for Table D_USER
--------------------------------------------------------

  ALTER TABLE "RAADMIN"."D_USER" ADD CONSTRAINT "UNIQE_USER" UNIQUE ("USER_NAME")
  USING INDEX PCTFREE 10 INITRANS 2 MAXTRANS 255 COMPUTE STATISTICS 
  STORAGE(INITIAL 65536 NEXT 1048576 MINEXTENTS 1 MAXEXTENTS 2147483645
  PCTINCREASE 0 FREELISTS 1 FREELIST GROUPS 1
  BUFFER_POOL DEFAULT FLASH_CACHE DEFAULT CELL_FLASH_CACHE DEFAULT)
  TABLESPACE "USERS"  ENABLE;
  ALTER TABLE "RAADMIN"."D_USER" ADD PRIMARY KEY ("ID")
  USING INDEX PCTFREE 10 INITRANS 2 MAXTRANS 255 COMPUTE STATISTICS 
  STORAGE(INITIAL 65536 NEXT 1048576 MINEXTENTS 1 MAXEXTENTS 2147483645
  PCTINCREASE 0 FREELISTS 1 FREELIST GROUPS 1
  BUFFER_POOL DEFAULT FLASH_CACHE DEFAULT CELL_FLASH_CACHE DEFAULT)
  TABLESPACE "USERS"  ENABLE;
  ALTER TABLE "RAADMIN"."D_USER" MODIFY ("PASSWORDS" NOT NULL ENABLE);
  ALTER TABLE "RAADMIN"."D_USER" MODIFY ("USER_NAME" NOT NULL ENABLE);
  ALTER TABLE "RAADMIN"."D_USER" MODIFY ("LAST_NAME" NOT NULL ENABLE);
  ALTER TABLE "RAADMIN"."D_USER" MODIFY ("FIRST_NAME" NOT NULL ENABLE);
--------------------------------------------------------
--  Ref Constraints for Table D_AUTO
--------------------------------------------------------

  ALTER TABLE "RAADMIN"."D_AUTO" ADD CONSTRAINT "FK_OWNED_USER" FOREIGN KEY ("OWNEDBY")
	  REFERENCES "RAADMIN"."D_USER" ("ID") ENABLE;
--------------------------------------------------------
--  Ref Constraints for Table D_OFFERS
--------------------------------------------------------

  ALTER TABLE "RAADMIN"."D_OFFERS" ADD CONSTRAINT "FK_AUTO_OFFER" FOREIGN KEY ("O_AUTO")
	  REFERENCES "RAADMIN"."D_AUTO" ("AUTO_ID") ENABLE;
  ALTER TABLE "RAADMIN"."D_OFFERS" ADD CONSTRAINT "FK_USER_ID" FOREIGN KEY ("CUSTOMER_ID")
	  REFERENCES "RAADMIN"."D_USER" ("ID") ENABLE;
