--------------------------------------------------------
--  File created - Wednesday-November-11-2020   
--------------------------------------------------------
DROP TABLE "MESSAGES";
DROP TABLE "ANSWERS";
DROP TABLE "MATCHES";
DROP TABLE "QUESTIONS";
DROP TABLE "STATUS";
DROP TABLE "USER_ANSWER";
DROP TABLE "USERS";
--------------------------------------------------------
--  DDL for Table MESSAGES
--------------------------------------------------------

  CREATE TABLE "MESSAGES" 
   (	"MESSAGES_ID" NUMBER(4,0), 
	"SENDER_ID" NUMBER(3,0), 
	"RECEIVER_ID" NUMBER(3,0), 
	"REMARK" VARCHAR2(300 BYTE)
   ) SEGMENT CREATION IMMEDIATE 
  PCTFREE 10 PCTUSED 40 INITRANS 1 MAXTRANS 255 
 NOCOMPRESS LOGGING
  STORAGE(INITIAL 65536 NEXT 1048576 MINEXTENTS 1 MAXEXTENTS 2147483645
  PCTINCREASE 0 FREELISTS 1 FREELIST GROUPS 1
  BUFFER_POOL DEFAULT FLASH_CACHE DEFAULT CELL_FLASH_CACHE DEFAULT)
  TABLESPACE "USERS" ;
--------------------------------------------------------
--  DDL for Table ANSWERS
--------------------------------------------------------

  CREATE TABLE "ANSWERS" 
   (	"ANSWERS_ID" NUMBER(3,0), 
	"WHICH_QUESTION_ID" NUMBER(2,0), 
	"RESPONSE" NUMBER(2,0)
   ) SEGMENT CREATION IMMEDIATE 
  PCTFREE 10 PCTUSED 40 INITRANS 1 MAXTRANS 255 
 NOCOMPRESS LOGGING
  STORAGE(INITIAL 65536 NEXT 1048576 MINEXTENTS 1 MAXEXTENTS 2147483645
  PCTINCREASE 0 FREELISTS 1 FREELIST GROUPS 1
  BUFFER_POOL DEFAULT FLASH_CACHE DEFAULT CELL_FLASH_CACHE DEFAULT)
  TABLESPACE "USERS" ;
--------------------------------------------------------
--  DDL for Table MATCHES
--------------------------------------------------------

  CREATE TABLE "MATCHES" 
   (	"MATCHES_ID" NUMBER(3,0), 
	"USER1_ID" NUMBER(3,0), 
	"USER2_ID" NUMBER(3,0), 
	"STATUS_ID" NUMBER(3,0)
   ) SEGMENT CREATION IMMEDIATE 
  PCTFREE 10 PCTUSED 40 INITRANS 1 MAXTRANS 255 
 NOCOMPRESS LOGGING
  STORAGE(INITIAL 65536 NEXT 1048576 MINEXTENTS 1 MAXEXTENTS 2147483645
  PCTINCREASE 0 FREELISTS 1 FREELIST GROUPS 1
  BUFFER_POOL DEFAULT FLASH_CACHE DEFAULT CELL_FLASH_CACHE DEFAULT)
  TABLESPACE "USERS" ;
--------------------------------------------------------
--  DDL for Table QUESTIONS
--------------------------------------------------------

  CREATE TABLE "QUESTIONS" 
   (	"QUESTION_ID" NUMBER(2,0), 
	"QUESTION" VARCHAR2(300 BYTE)
   ) SEGMENT CREATION IMMEDIATE 
  PCTFREE 10 PCTUSED 40 INITRANS 1 MAXTRANS 255 
 NOCOMPRESS LOGGING
  STORAGE(INITIAL 65536 NEXT 1048576 MINEXTENTS 1 MAXEXTENTS 2147483645
  PCTINCREASE 0 FREELISTS 1 FREELIST GROUPS 1
  BUFFER_POOL DEFAULT FLASH_CACHE DEFAULT CELL_FLASH_CACHE DEFAULT)
  TABLESPACE "USERS" ;
--------------------------------------------------------
--  DDL for Table STATUS
--------------------------------------------------------

  CREATE TABLE "STATUS" 
   (	"STATUS_ID" NUMBER(3,0), 
	"STATUS_STATE" VARCHAR2(20 BYTE)
   ) SEGMENT CREATION IMMEDIATE 
  PCTFREE 10 PCTUSED 40 INITRANS 1 MAXTRANS 255 
 NOCOMPRESS LOGGING
  STORAGE(INITIAL 65536 NEXT 1048576 MINEXTENTS 1 MAXEXTENTS 2147483645
  PCTINCREASE 0 FREELISTS 1 FREELIST GROUPS 1
  BUFFER_POOL DEFAULT FLASH_CACHE DEFAULT CELL_FLASH_CACHE DEFAULT)
  TABLESPACE "USERS" ;
--------------------------------------------------------
--  DDL for Table USER_ANSWER
--------------------------------------------------------

  CREATE TABLE "USER_ANSWER" 
   (	"Q_ID" NUMBER(2,0), 
	"U_ID" NUMBER(3,0), 
	"A_ID" NUMBER(2,0)
   ) SEGMENT CREATION IMMEDIATE 
  PCTFREE 10 PCTUSED 40 INITRANS 1 MAXTRANS 255 
 NOCOMPRESS LOGGING
  STORAGE(INITIAL 65536 NEXT 1048576 MINEXTENTS 1 MAXEXTENTS 2147483645
  PCTINCREASE 0 FREELISTS 1 FREELIST GROUPS 1
  BUFFER_POOL DEFAULT FLASH_CACHE DEFAULT CELL_FLASH_CACHE DEFAULT)
  TABLESPACE "USERS" ;
--------------------------------------------------------
--  DDL for Table USERS
--------------------------------------------------------

  CREATE TABLE "USERS" 
   (	"USERS_ID" NUMBER(3,0), 
	"USERTYPE" NUMBER(2,0), 
	"USERNAME" VARCHAR2(20 BYTE), 
	"PASS" VARCHAR2(20 BYTE), 
	"FIRSTNAME" VARCHAR2(20 BYTE), 
	"LASTNAME" VARCHAR2(20 BYTE), 
	"SCORE" NUMBER(4,0), 
	"AGE" NUMBER(3,0), 
	"GENDER" VARCHAR2(30 BYTE), 
	"LOCATION" VARCHAR2(30 BYTE), 
	"BANNED" VARCHAR2(8 BYTE), 
	"SEX_PREF" VARCHAR2(30 BYTE), 
	"AGE_PREF" NUMBER(3,0)
   ) SEGMENT CREATION IMMEDIATE 
  PCTFREE 10 PCTUSED 40 INITRANS 1 MAXTRANS 255 
 NOCOMPRESS LOGGING
  STORAGE(INITIAL 65536 NEXT 1048576 MINEXTENTS 1 MAXEXTENTS 2147483645
  PCTINCREASE 0 FREELISTS 1 FREELIST GROUPS 1
  BUFFER_POOL DEFAULT FLASH_CACHE DEFAULT CELL_FLASH_CACHE DEFAULT)
  TABLESPACE "USERS" ;
REM INSERTING into MESSAGES
SET DEFINE OFF;
Insert into MESSAGES (MESSAGES_ID,SENDER_ID,RECEIVER_ID,REMARK) values (71,65,62,'I hope we can merge with no conflicts.');
Insert into MESSAGES (MESSAGES_ID,SENDER_ID,RECEIVER_ID,REMARK) values (72,62,65,'git pull');
REM INSERTING into ANSWERS
SET DEFINE OFF;
REM INSERTING into MATCHES
SET DEFINE OFF;
Insert into MATCHES (MATCHES_ID,USER1_ID,USER2_ID,STATUS_ID) values (15,62,65,3);
Insert into MATCHES (MATCHES_ID,USER1_ID,USER2_ID,STATUS_ID) values (20,67,68,1);
Insert into MATCHES (MATCHES_ID,USER1_ID,USER2_ID,STATUS_ID) values (19,67,68,1);
REM INSERTING into QUESTIONS
SET DEFINE OFF;
Insert into QUESTIONS (QUESTION_ID,QUESTION) values (1,'Given the options listed, what is your favorite food?');
Insert into QUESTIONS (QUESTION_ID,QUESTION) values (2,'Given the options listed, what is your preferred pasttime?');
Insert into QUESTIONS (QUESTION_ID,QUESTION) values (3,'Given the options listed, what is your ideal vacation?');
REM INSERTING into STATUS
SET DEFINE OFF;
Insert into STATUS (STATUS_ID,STATUS_STATE) values (1,'User found!');
Insert into STATUS (STATUS_ID,STATUS_STATE) values (2,'Pending');
Insert into STATUS (STATUS_ID,STATUS_STATE) values (3,'Matched');
REM INSERTING into USER_ANSWER
SET DEFINE OFF;
REM INSERTING into USERS
SET DEFINE OFF;
Insert into USERS (USERS_ID,USERTYPE,USERNAME,PASS,FIRSTNAME,LASTNAME,SCORE,AGE,GENDER,LOCATION,BANNED,SEX_PREF,AGE_PREF) values (65,null,'jdoe','pass','John','Doe',12,23,'Male','Morgantown',null,'Heterosexual',25);
Insert into USERS (USERS_ID,USERTYPE,USERNAME,PASS,FIRSTNAME,LASTNAME,SCORE,AGE,GENDER,LOCATION,BANNED,SEX_PREF,AGE_PREF) values (68,null,'jasmo','pass','Jasmine','mo',111,25,'female','baghdad',null,'heterosexual',30);
Insert into USERS (USERS_ID,USERTYPE,USERNAME,PASS,FIRSTNAME,LASTNAME,SCORE,AGE,GENDER,LOCATION,BANNED,SEX_PREF,AGE_PREF) values (63,null,'tsmith','pass','Tom','Smith',21,35,'Male','Morgantown',null,'Homosexual',25);
Insert into USERS (USERS_ID,USERTYPE,USERNAME,PASS,FIRSTNAME,LASTNAME,SCORE,AGE,GENDER,LOCATION,BANNED,SEX_PREF,AGE_PREF) values (64,null,'mdavis','pass','Michael','Davis',12,25,'Male','Morgantown',null,'Heterosexual',23);
Insert into USERS (USERS_ID,USERTYPE,USERNAME,PASS,FIRSTNAME,LASTNAME,SCORE,AGE,GENDER,LOCATION,BANNED,SEX_PREF,AGE_PREF) values (62,null,'lu','pass','Megan','Lu',21,23,'Female','Morgantown',null,'Heterosexual',25);
Insert into USERS (USERS_ID,USERTYPE,USERNAME,PASS,FIRSTNAME,LASTNAME,SCORE,AGE,GENDER,LOCATION,BANNED,SEX_PREF,AGE_PREF) values (67,null,'mo','pass','Muhammed ','Turki',111,28,'male ','USA',null,'heterosexual',25);
Insert into USERS (USERS_ID,USERTYPE,USERNAME,PASS,FIRSTNAME,LASTNAME,SCORE,AGE,GENDER,LOCATION,BANNED,SEX_PREF,AGE_PREF) values (1,1,'starrynights89','pass','Love','Doctor',9000,900,'Male','Admin',null,'Dont',300);
Insert into USERS (USERS_ID,USERTYPE,USERNAME,PASS,FIRSTNAME,LASTNAME,SCORE,AGE,GENDER,LOCATION,BANNED,SEX_PREF,AGE_PREF) values (69,1,'admin2','pass','admin2','last',null,null,null,null,null,null,null);
--------------------------------------------------------
--  DDL for Index SYS_C005184
--------------------------------------------------------

  CREATE UNIQUE INDEX "SYS_C005184" ON "MESSAGES" ("MESSAGES_ID") 
  PCTFREE 10 INITRANS 2 MAXTRANS 255 COMPUTE STATISTICS 
  STORAGE(INITIAL 65536 NEXT 1048576 MINEXTENTS 1 MAXEXTENTS 2147483645
  PCTINCREASE 0 FREELISTS 1 FREELIST GROUPS 1
  BUFFER_POOL DEFAULT FLASH_CACHE DEFAULT CELL_FLASH_CACHE DEFAULT)
  TABLESPACE "USERS" ;
--------------------------------------------------------
--  DDL for Index SYS_C005189
--------------------------------------------------------

  CREATE UNIQUE INDEX "SYS_C005189" ON "ANSWERS" ("ANSWERS_ID") 
  PCTFREE 10 INITRANS 2 MAXTRANS 255 COMPUTE STATISTICS 
  STORAGE(INITIAL 65536 NEXT 1048576 MINEXTENTS 1 MAXEXTENTS 2147483645
  PCTINCREASE 0 FREELISTS 1 FREELIST GROUPS 1
  BUFFER_POOL DEFAULT FLASH_CACHE DEFAULT CELL_FLASH_CACHE DEFAULT)
  TABLESPACE "USERS" ;
--------------------------------------------------------
--  DDL for Index SYS_C005180
--------------------------------------------------------

  CREATE UNIQUE INDEX "SYS_C005180" ON "MATCHES" ("MATCHES_ID") 
  PCTFREE 10 INITRANS 2 MAXTRANS 255 COMPUTE STATISTICS 
  STORAGE(INITIAL 65536 NEXT 1048576 MINEXTENTS 1 MAXEXTENTS 2147483645
  PCTINCREASE 0 FREELISTS 1 FREELIST GROUPS 1
  BUFFER_POOL DEFAULT FLASH_CACHE DEFAULT CELL_FLASH_CACHE DEFAULT)
  TABLESPACE "USERS" ;
--------------------------------------------------------
--  DDL for Index SYS_C005188
--------------------------------------------------------

  CREATE UNIQUE INDEX "SYS_C005188" ON "QUESTIONS" ("QUESTION_ID") 
  PCTFREE 10 INITRANS 2 MAXTRANS 255 COMPUTE STATISTICS 
  STORAGE(INITIAL 65536 NEXT 1048576 MINEXTENTS 1 MAXEXTENTS 2147483645
  PCTINCREASE 0 FREELISTS 1 FREELIST GROUPS 1
  BUFFER_POOL DEFAULT FLASH_CACHE DEFAULT CELL_FLASH_CACHE DEFAULT)
  TABLESPACE "USERS" ;
--------------------------------------------------------
--  DDL for Index SYS_C005179
--------------------------------------------------------

  CREATE UNIQUE INDEX "SYS_C005179" ON "STATUS" ("STATUS_ID") 
  PCTFREE 10 INITRANS 2 MAXTRANS 255 COMPUTE STATISTICS 
  STORAGE(INITIAL 65536 NEXT 1048576 MINEXTENTS 1 MAXEXTENTS 2147483645
  PCTINCREASE 0 FREELISTS 1 FREELIST GROUPS 1
  BUFFER_POOL DEFAULT FLASH_CACHE DEFAULT CELL_FLASH_CACHE DEFAULT)
  TABLESPACE "USERS" ;
--------------------------------------------------------
--  DDL for Index SYS_C005178
--------------------------------------------------------

  CREATE UNIQUE INDEX "SYS_C005178" ON "USERS" ("USERS_ID") 
  PCTFREE 10 INITRANS 2 MAXTRANS 255 COMPUTE STATISTICS 
  STORAGE(INITIAL 65536 NEXT 1048576 MINEXTENTS 1 MAXEXTENTS 2147483645
  PCTINCREASE 0 FREELISTS 1 FREELIST GROUPS 1
  BUFFER_POOL DEFAULT FLASH_CACHE DEFAULT CELL_FLASH_CACHE DEFAULT)
  TABLESPACE "USERS" ;
--------------------------------------------------------
--  Constraints for Table MESSAGES
--------------------------------------------------------

  ALTER TABLE "MESSAGES" ADD PRIMARY KEY ("MESSAGES_ID")
  USING INDEX PCTFREE 10 INITRANS 2 MAXTRANS 255 COMPUTE STATISTICS 
  STORAGE(INITIAL 65536 NEXT 1048576 MINEXTENTS 1 MAXEXTENTS 2147483645
  PCTINCREASE 0 FREELISTS 1 FREELIST GROUPS 1
  BUFFER_POOL DEFAULT FLASH_CACHE DEFAULT CELL_FLASH_CACHE DEFAULT)
  TABLESPACE "USERS"  ENABLE;
--------------------------------------------------------
--  Constraints for Table ANSWERS
--------------------------------------------------------

  ALTER TABLE "ANSWERS" ADD PRIMARY KEY ("ANSWERS_ID")
  USING INDEX PCTFREE 10 INITRANS 2 MAXTRANS 255 COMPUTE STATISTICS 
  STORAGE(INITIAL 65536 NEXT 1048576 MINEXTENTS 1 MAXEXTENTS 2147483645
  PCTINCREASE 0 FREELISTS 1 FREELIST GROUPS 1
  BUFFER_POOL DEFAULT FLASH_CACHE DEFAULT CELL_FLASH_CACHE DEFAULT)
  TABLESPACE "USERS"  ENABLE;
--------------------------------------------------------
--  Constraints for Table MATCHES
--------------------------------------------------------

  ALTER TABLE "MATCHES" ADD PRIMARY KEY ("MATCHES_ID")
  USING INDEX PCTFREE 10 INITRANS 2 MAXTRANS 255 COMPUTE STATISTICS 
  STORAGE(INITIAL 65536 NEXT 1048576 MINEXTENTS 1 MAXEXTENTS 2147483645
  PCTINCREASE 0 FREELISTS 1 FREELIST GROUPS 1
  BUFFER_POOL DEFAULT FLASH_CACHE DEFAULT CELL_FLASH_CACHE DEFAULT)
  TABLESPACE "USERS"  ENABLE;
--------------------------------------------------------
--  Constraints for Table QUESTIONS
--------------------------------------------------------

  ALTER TABLE "QUESTIONS" ADD PRIMARY KEY ("QUESTION_ID")
  USING INDEX PCTFREE 10 INITRANS 2 MAXTRANS 255 COMPUTE STATISTICS 
  STORAGE(INITIAL 65536 NEXT 1048576 MINEXTENTS 1 MAXEXTENTS 2147483645
  PCTINCREASE 0 FREELISTS 1 FREELIST GROUPS 1
  BUFFER_POOL DEFAULT FLASH_CACHE DEFAULT CELL_FLASH_CACHE DEFAULT)
  TABLESPACE "USERS"  ENABLE;
--------------------------------------------------------
--  Constraints for Table STATUS
--------------------------------------------------------

  ALTER TABLE "STATUS" ADD PRIMARY KEY ("STATUS_ID")
  USING INDEX PCTFREE 10 INITRANS 2 MAXTRANS 255 COMPUTE STATISTICS 
  STORAGE(INITIAL 65536 NEXT 1048576 MINEXTENTS 1 MAXEXTENTS 2147483645
  PCTINCREASE 0 FREELISTS 1 FREELIST GROUPS 1
  BUFFER_POOL DEFAULT FLASH_CACHE DEFAULT CELL_FLASH_CACHE DEFAULT)
  TABLESPACE "USERS"  ENABLE;
--------------------------------------------------------
--  Constraints for Table USERS
--------------------------------------------------------

  ALTER TABLE "USERS" ADD PRIMARY KEY ("USERS_ID")
  USING INDEX PCTFREE 10 INITRANS 2 MAXTRANS 255 COMPUTE STATISTICS 
  STORAGE(INITIAL 65536 NEXT 1048576 MINEXTENTS 1 MAXEXTENTS 2147483645
  PCTINCREASE 0 FREELISTS 1 FREELIST GROUPS 1
  BUFFER_POOL DEFAULT FLASH_CACHE DEFAULT CELL_FLASH_CACHE DEFAULT)
  TABLESPACE "USERS"  ENABLE;
--------------------------------------------------------
--  Ref Constraints for Table MESSAGES
--------------------------------------------------------

  ALTER TABLE "MESSAGES" ADD CONSTRAINT "FK_RECEIVER_ID" FOREIGN KEY ("RECEIVER_ID")
	  REFERENCES "USERS" ("USERS_ID") ENABLE;
  ALTER TABLE "MESSAGES" ADD CONSTRAINT "FK_SENDER_ID" FOREIGN KEY ("SENDER_ID")
	  REFERENCES "USERS" ("USERS_ID") ENABLE;
--------------------------------------------------------
--  Ref Constraints for Table ANSWERS
--------------------------------------------------------

  ALTER TABLE "ANSWERS" ADD CONSTRAINT "FK_WHICH_QUESTION_ID" FOREIGN KEY ("WHICH_QUESTION_ID")
	  REFERENCES "QUESTIONS" ("QUESTION_ID") ENABLE;
--------------------------------------------------------
--  Ref Constraints for Table MATCHES
--------------------------------------------------------

  ALTER TABLE "MATCHES" ADD CONSTRAINT "FK_STATUS" FOREIGN KEY ("STATUS_ID")
	  REFERENCES "STATUS" ("STATUS_ID") ENABLE;
  ALTER TABLE "MATCHES" ADD CONSTRAINT "FK_USER1_ID" FOREIGN KEY ("USER1_ID")
	  REFERENCES "USERS" ("USERS_ID") ENABLE;
  ALTER TABLE "MATCHES" ADD CONSTRAINT "FK_USER2_ID" FOREIGN KEY ("USER2_ID")
	  REFERENCES "USERS" ("USERS_ID") ENABLE;
--------------------------------------------------------
--  Ref Constraints for Table USER_ANSWER
--------------------------------------------------------

  ALTER TABLE "USER_ANSWER" ADD CONSTRAINT "FK_A_ID" FOREIGN KEY ("A_ID")
	  REFERENCES "ANSWERS" ("ANSWERS_ID") ENABLE;
  ALTER TABLE "USER_ANSWER" ADD CONSTRAINT "FK_Q_ID" FOREIGN KEY ("Q_ID")
	  REFERENCES "QUESTIONS" ("QUESTION_ID") ENABLE;
  ALTER TABLE "USER_ANSWER" ADD CONSTRAINT "FK_U_ID" FOREIGN KEY ("U_ID")
	  REFERENCES "USERS" ("USERS_ID") ENABLE;
